countryCode,countryDesc,holidayDate,holidayName
cn,china,2024-07-17,cuihaoday
cn,china,2024-04-01,qingming
cn,china,2024-07-16,xinxinday
cn,china,2024-01-01,yuandan
cn,china,2024-07-15,leijieday
cn,china,2024-07-14,leigeday
cn,china,2024-07-13,panzongday
cn,china,2024-07-12,xiaoboday
cn,china,2024-07-11,timday
cn,china,2023-09-30,zhongqiu
cn,china,2023-08-30,timday
cn,china,2023-11-01,guoyuanday
cn,china,2023-11-02,wenluday
cn,china,2023-11-04,niuday
cn,china,2023-11-05,tiantianday
cn,china,2023-12-05,333day
cn,china,2023-21-05,333day
